Objective1,Objective2,Objective3
26,1778.6647223018983,2747.9051383370133
26,1795.1398741419896,2740.018148600365
26,1900.964695579968,2680.834317637557
26,1796.7324604100093,2688.748979427163
26,1904.197589182345,2680.5934987121627
