Objective1,Objective2,Objective3
30,412.5557187989053,3246.666673780965
28,429.58532935700026,3255.4297021924694
29,424.4195535999791,3137.5730832011886
28,434.23688095553246,3172.2785509179844
28,431.71016948674503,3250.83558095476
27,436.86063320013176,3189.6922237492654
29,418.2428857035453,3146.1184120973658
