Objective1,Objective2,Objective3
25,1913.4098514611403,2715.2394886559514
27,1813.1005135407843,2745.983170284112
26,1914.6000028042686,2628.408492692775
26,1835.419401493417,2667.1119685726208
27,1828.3819419921501,2705.8155815265113
27,1889.9776633284785,2640.7982386385493
