Objective1,Objective2,Objective3
26,439.91425322436885,3135.1636097647843
26,432.6744879734924,3176.9085964736078
26,452.95508419580733,3099.8080597357757
27,431.91335034543687,3074.653792541115
26,443.88762067640766,3107.187277871939
