Objective1,Objective2,Objective3
26,1462.738723259298,2694.537855649343
27,1427.0884067492207,2725.9105626885116
25,1536.079561297558,2774.395687604626
26,1572.8970078984046,2637.659069446715
26,1527.8605513797536,2688.8135290403325
