Objective1,Objective2,Objective3
26,437.3752782884488,3110.0770105365464
27,436.390349720989,3120.7859197786247
27,438.52664066262565,3099.0679709841725
26,461.72543563536385,3079.328778831005
26,450.71365456457954,3097.3427721532257
27,438.09727096617854,3108.573787634845
26,449.4351876433086,3103.0416522856867
