Objective1,Objective2,Objective3
26,461.10176018085485,3156.60842049554
27,466.0552424897746,3080.910076145455
26,466.4457851792077,3136.5537367052866
28,449.8659158351284,3134.1262947148452
27,450.4492834950255,3141.813053542122
27,461.29467040514004,3108.6338804313937
27,459.4742545534406,3137.3732288569236
