Objective1,Objective2,Objective3
26,818.0350603677514,2075.410770467315
26,760.1897723900353,2143.158870474087
26,845.57833873377,2074.44042859605
25,847.6620453001647,2185.718105681141
26,810.0219215490066,2075.715028280446
