Objective1,Objective2,Objective3
27,440.9948781641515,3184.5050962550367
27,429.4642252169791,3222.9636869489887
28,431.62915935033556,3128.056122024662
26,457.0247987470614,3291.176164262047
27,429.9001297627886,3203.6759416351815
28,423.38900235819324,3180.4441916668284
