Objective1,Objective2,Objective3
26,851.1679890376054,2247.957692993897
26,840.469368798073,2287.2005867849402
26,906.2498793789772,2184.0931938425406
26,844.5561645174763,2284.7515463603813
26,856.8130165491264,2240.4899927717247
26,850.9546247933894,2265.331297675165
26,876.950723662735,2236.6819354189824
25,869.540079929898,2343.6531750356544
