Objective1,Objective2,Objective3
26,726.725060932872,2164.083063658524
25,756.2540378096943,2299.1254532997104
26,730.3326717550098,2048.2752101045066
25,771.7069241862682,2208.79076185334
26,723.3058641198015,2201.136006829199
