Objective1,Objective2,Objective3
27,479.1474309556752,2116.6986242238086
26,536.2091345109238,2158.778372526454
25,553.2639620979088,2161.0811919841944
25,510.19184330030873,2167.8842410721
27,489.31313886807305,2115.5589352201064
25,574.3870149878941,2131.717343870676
25,527.5458193864473,2167.2381223896905
