Objective1,Objective2,Objective3
27,498.39902904009716,2117.034723562596
27,478.3238354336252,2132.8867115794687
27,496.853643610984,2123.4640998069694
27,521.9363741537016,2096.0535386841675
27,471.6176180325982,2150.6097650645825
25,509.1539692803276,2200.7019134960915
25,534.4862606199717,2199.8999174815744
28,486.65826415030676,2132.748326446814
26,506.9733724717585,2180.0501091726373
25,543.5073039115881,2166.1454318376086
25,542.9959517218499,2167.922799748284
