Objective1,Objective2,Objective3
26,776.8550728847082,2187.342926265448
26,786.6654036060698,2114.8571491381176
26,799.4082486744761,2066.6305191442007
25,815.4074784154344,2126.978991615343
26,795.3713156613368,2077.6202489328125
26,781.094319864726,2115.976200669948
26,775.2322089243236,2216.153645442034
