Objective1,Objective2,Objective3
27,1846.917341833687,2712.926276574461
26,1844.1418961646975,2773.7567843431143
27,1861.134503349698,2706.4128367330504
26,1872.9996667477935,2662.2734377990837
27,1897.9675134737604,2652.5142534631864
26,1862.589773790158,2681.693571128211
