Objective1,Objective2,Objective3
27,1890.3259842631824,2630.095353934167
27,1851.1177788140324,2659.327474342306
26,1898.7186671305458,2652.828661147149
26,1870.7507896061143,2667.6996585562683
25,1899.8674142801187,2716.5787199397037
26,1930.9023253054293,2649.773052224045
26,1854.969033117598,2756.6162959726453
