Objective1,Objective2,Objective3
28,413.0493849110076,3258.3661006575403
29,415.76036249596353,3243.3204974448904
28,424.179883628314,3233.431885109155
29,421.81424678318973,3220.838870918481
