Objective1,Objective2,Objective3
26,1823.6278386554793,2679.760844072447
26,1831.7222920998959,2679.56367125035
27,1827.2412405112968,2656.767121344585
26,1821.9552637634129,2738.207296249186
26,1913.175923479187,2667.7343248797824
26,1794.3170514624203,2751.3125949911478
