Objective1,Objective2,Objective3
26,1736.0856434692585,2669.8822367578505
27,1717.3261025430122,2709.2869831296757
25,1765.0220273050968,2699.2987378624794
27,1684.320388073909,2736.2344202420227
26,1832.6562069732227,2646.8410437295265
27,1820.1714386863505,2644.9749711558725
25,1722.1678631110337,2745.6204600972533
26,1685.2036503407987,2714.7758803440292
