Objective1,Objective2,Objective3
26,456.5547774105338,3213.038124739841
25,473.36857057105465,3264.7954062925633
27,445.2309737580903,3181.4174769922706
28,420.73438672517057,3191.397026424435
27,436.72715462960946,3196.449640986055
28,423.17583260058734,3162.79174985149
27,434.4380684113556,3274.8399759860067
28,427.23306410736865,3142.04118973959
26,446.7310322111919,3237.8135468622695
