Objective1,Objective2,Objective3
26,892.1922105864927,2232.315591875474
28,885.2436806075308,2076.5032907747695
29,860.8065478830054,2135.2413776532267
28,851.6912064391468,2176.629147418208
29,835.0555810743833,2153.9962141658643
28,883.0628686080644,2102.6719583291106
29,862.7690242667768,2115.677213284227
29,866.5242377449032,2104.0404951228893
