Objective1,Objective2,Objective3
25,469.4382741984015,3098.5744942213005
26,439.6146898608578,3120.8842577320065
26,440.45391606356554,3105.7969381953453
26,453.5283241289312,3103.339051650058
27,438.2040149098516,3115.2895170266793
27,434.78693885221804,3118.630470493223
27,433.3862639496294,3164.693890910986
27,433.5128948113773,3156.2491492127315
