Objective1,Objective2,Objective3
26,850.2307233995529,2256.416234831006
26,823.0602926427671,2353.736292793115
26,831.6174161018387,2324.627765255525
25,836.5913168412129,2444.455475260627
26,842.4740445682486,2259.128637492213
25,857.8358452457418,2350.7125167305553
