Objective1,Objective2,Objective3
28,425.8887929435831,3219.7446255576465
28,421.38324796210793,3235.590440459753
28,417.8171177266813,3291.8482017313777
28,424.57702686386557,3227.862607424013
29,414.0801473366977,3267.090723936666
29,430.1793322771842,3208.002812016505
29,416.39225338295404,3245.4474533031525
27,440.96471524942774,3298.3840444668303
