Objective1,Objective2,Objective3
28,705.6819667127951,2111.1250161762255
26,722.7253986214259,2127.5081356343244
25,746.2028689828977,2161.332556102056
26,726.4058533760323,2124.688861377287
26,707.0779006202972,2198.6272260437418
26,732.651161357773,2076.7426510657415
