Objective1,Objective2,Objective3
26,1165.6464133347024,2676.226164736743
26,1011.5311532337993,2734.208818820548
26,1193.855787553559,2673.0864961475454
26,1098.432067053662,2705.201109923602
