Objective1,Objective2,Objective3
27,440.929653467118,3181.0328079969686
29,425.6391907371086,3106.547207782624
27,440.02686000024494,3274.5790114939923
29,411.2260677916889,3178.929483102655
29,413.1298005680456,3142.1643008488295
28,427.39134842446816,3107.7726164128053
