Objective1,Objective2,Objective3
27,1737.6615058375098,2676.0751465438493
25,1725.000652862715,2777.253433731763
26,1754.9881438142068,2681.3381843689453
25,1827.7170146337405,2679.4464733531327
26,1664.426552881708,2765.29601960325
26,1704.9514206131416,2694.0066569139585
26,1691.1795020432287,2720.6766272426876
25,1769.4024674763143,2760.4017675768214
