Objective1,Objective2,Objective3
29,408.1500503317998,3221.5035435330533
28,419.3892346555239,3238.247152255516
27,436.02407450305645,3262.288329534774
28,428.836135188367,3219.967925840614
29,420.5442627627495,3211.357809628267
29,413.5553508078674,3217.152268348488
