Objective1,Objective2,Objective3
28,456.35848789930833,3145.962729478407
28,443.76270088463866,3193.528219869608
27,457.000237166726,3286.8433453180296
27,465.9773193079604,3227.644528138227
28,440.99154542786505,3237.9702300102354
