Objective1,Objective2,Objective3
28,868.0862919491211,2141.345012003234
28,868.5134149701414,2084.2142119587947
28,854.6576105002213,2150.5371992773094
26,862.8059987188093,2292.0969078175663
28,837.8246365061862,2209.8738593342055
