Objective1,Objective2,Objective3
26,1779.242121666834,2689.0331947519658
26,1713.4275619239684,2871.966399766297
26,1818.4282304313954,2666.6409296133697
26,1812.207086096727,2676.1081830669746
26,1838.1173207384477,2643.0285413687197
25,1892.468274220636,2676.322259195907
26,1781.975196357301,2688.489705654233
26,1771.0139947308123,2750.0213679939966
26,1852.213731604791,2639.4022946386945
