Objective1,Objective2,Objective3
26,717.1313509961399,2149.320073450537
26,729.8236630346096,2071.7263548090846
25,789.5644519244681,2098.3693982679138
26,716.114176588527,2150.477838484088
26,706.830597208068,2157.3203651583826
