Objective1,Objective2,Objective3
27,867.1111534558858,2170.5134506156737
27,856.4646753292333,2219.5986578779944
29,858.943420215471,2136.701249532796
28,843.6320679580974,2140.7009112482465
28,878.7259223833656,2138.6987847557443
29,865.5543261182693,2136.3922058716485
29,872.3205856951464,2097.4261582198264
