Objective1,Objective2,Objective3
27,673.9966525143977,2126.553939628858
25,668.4138942832433,2203.7312447348154
27,665.6786198666538,2146.745642874799
25,694.3201757768627,2181.5149764617167
27,687.5678244148287,2118.2159890763783
27,604.2851876568077,2173.2924310752246
25,657.2956241174023,2228.0957914595174
27,661.6690323972288,2154.619355142425
26,701.117240180777,2162.657536053518
