Objective1,Objective2,Objective3
26,443.33671353159383,3091.4103071881354
26,433.95688001260254,3143.2481541210336
27,432.3975323644092,3105.6733711235697
