Objective1,Objective2,Objective3
27,1442.2855423838992,2688.2577910335267
26,1553.4169290451985,2716.036970783448
27,1426.617703705655,2729.3495275840874
26,1565.50931002075,2637.0927911547187
26,1549.0795971886907,2734.6149590955747
