Objective1,Objective2,Objective3
26,1914.4001147169038,2662.900655315313
27,1840.9238886283233,2685.5708110990263
27,1854.0790367664936,2662.857257075837
25,1933.2147765480477,2675.792239227995
26,1901.5780562474583,2704.083197901157
27,1854.429863137487,2646.470729139241
27,1925.6586381873944,2641.118058798077
26,1911.2943805767027,2667.131771949704
