Objective1,Objective2,Objective3
28,454.9468452365138,3188.5728696775395
28,465.2159090547437,3150.004070342526
28,441.92340569301933,3209.798545438383
27,462.8461799139007,3202.681867007286
28,449.4334568852051,3190.647242227511
27,454.0937431413384,3262.1705675862213
28,441.23338560978686,3285.5193448036634
