Objective1,Objective2,Objective3
27,448.7482819828174,3084.7220474095384
26,447.28219598152396,3101.076347545247
26,440.64416320654567,3131.2528237218985
26,447.0379789050223,3112.099205416428
27,445.298129422357,3102.193509681865
27,439.6285080342704,3196.461551696896
26,445.4085497682533,3115.7259062299145
26,444.96269389722016,3116.565289474077
