Objective1,Objective2,Objective3
26,807.432303639473,2165.294823704386
26,821.751732951877,2132.354373859221
26,811.364327010582,2138.1143583885296
26,833.3882383658914,2119.541259848498
