Objective1,Objective2,Objective3
26,738.7282819919232,2354.9339589259675
26,756.9644618056178,2263.951287805553
26,741.170785699853,2300.0352624309335
26,763.1334449456873,2249.780572243341
25,772.7317774920311,2395.736402981122
26,737.3140473726529,2387.0870265817625
