Objective1,Objective2,Objective3
26,1644.257428378016,2696.878755075492
26,1645.9101800822154,2696.0846057195317
26,1714.367941436276,2675.1388347948464
26,1625.113269781413,2719.7234184944105
26,1594.443853417599,2786.0676628282267
26,1685.435765758727,2675.36566880513
