Objective1,Objective2,Objective3
28,438.53891343000436,3161.2419648275454
29,418.4204404598383,3161.77551059568
29,423.6855505229948,3148.607824505719
29,419.51278514946523,3150.2300301044816
28,432.07970319074934,3188.2926439354696
28,422.7495765435566,3223.761731881415
29,412.05518531444403,3169.503850363216
27,442.7766379858408,3201.7171553513817
29,425.82938205610856,3102.117017763878
