Objective1,Objective2,Objective3
25,731.2497795035226,2126.604812689276
25,676.8494850560295,2301.3622328250794
25,720.981481949592,2201.3920126143103
27,632.7763735362953,2145.593688622631
27,646.4183773806008,2137.2097165602213
27,693.2480480666425,2113.7051707187843
27,631.281839787563,2190.0210767950466
25,683.0735150488196,2249.1204883505497
