Objective1,Objective2,Objective3
27,449.01184744116114,3328.9030916844354
29,415.7648211836934,3258.4916164611573
28,424.6558182556778,3249.6114486103115
28,433.0984552429477,3218.424138230051
28,429.0984241495655,3225.8918716846497
29,420.0180202889669,3240.6355151657826
28,426.5179696561422,3226.0900410142685
28,424.6159734480011,3327.707431005059
