Objective1,Objective2,Objective3
29,417.7232795457829,3215.334884074356
29,419.4825720842095,3199.617218010735
29,423.91206934731696,3164.4244100800456
29,421.4174552268392,3198.368877566507
29,415.8460341606582,3243.98907458691
