Objective1,Objective2,Objective3
26,1796.9342851878027,2664.2525375067503
26,1827.891665714978,2629.162071208481
26,1858.2830726220093,2626.463766321409
26,1754.8530434127777,2753.8404486986656
26,1790.0384087171706,2691.476440962039
26,1773.9067339622177,2709.9781943244634
