Objective1,Objective2,Objective3
26,1765.390332907651,2690.357970253513
26,1799.5971110386527,2647.267538920616
26,1738.7553414397914,2721.0620896132855
26,1788.2364764665333,2681.556292326262
26,1705.9468533465115,2786.3355782213957
