Objective1,Objective2,Objective3
27,1879.4720356008709,2663.870664144397
26,1888.006623701364,2648.0090951948996
26,1812.4255078199808,2755.30901196417
27,1830.3045031723716,2748.5109428979754
26,1821.9617392328987,2752.259800567435
27,1867.561403874294,2711.437690049867
27,1880.30080632587,2632.3626006724535
26,1868.5189404161679,2720.5144811131927
27,1873.6457322136025,2704.5410565883094
26,1877.9394675686674,2683.3858141755054
