Objective1,Objective2,Objective3
29,858.3925377726956,2115.513349258923
28,861.7668720566785,2112.7238854517486
29,851.1575270538508,2151.1816696360547
29,849.8608228508897,2157.2327907031804
28,861.0421811877904,2132.6293745500825
29,852.9915312051484,2132.344177822093
27,885.4337992455787,2232.433346018072
