Objective1,Objective2,Objective3
26,1137.8253404473976,2672.5339528020354
26,993.2547400167311,2726.6416719530303
26,1060.8345648128509,2687.6515733215847
26,1202.2734229594714,2657.8424084532726
26,1271.6733389238277,2645.736673304084
26,1026.9463644246364,2699.9522607802537
26,1033.914917485868,2698.279344747875
