Objective1,Objective2,Objective3
26,1774.4894027102462,2650.974899075509
26,1766.6705123576633,2658.0871973589337
26,1717.52409302209,2710.834631681313
26,1737.6533510531206,2670.446292286306
26,1698.2753934980146,2711.029768207429
26,1732.3329000155486,2679.249055652685
