Objective1,Objective2,Objective3
26,742.6466330899044,2324.4022115096222
26,765.5593912120402,2231.7432960440356
25,761.9716901549318,2352.5926818905828
26,746.9221462959914,2259.166843289587
26,734.907131279441,2353.3083477527034
