Objective1,Objective2,Objective3
27,450.88905675720383,3065.1198138756868
27,450.2508386839644,3138.7658104902116
26,468.6400832017947,3119.4850075029226
26,451.40181567548467,3120.1001223437834
27,446.65219039381884,3154.074642577147
