Objective1,Objective2,Objective3
26,833.7777128421969,2078.4173051581497
26,818.8561874428967,2148.1346733022137
26,808.0357809411369,2149.029622223499
26,829.599043034096,2122.786706447692
25,837.7496151411698,2142.9929245565404
