Objective1,Objective2,Objective3
26,817.7471051935015,2402.6987973283226
25,840.6670422365461,2359.9500468615597
25,864.620461955781,2270.154470517273
26,825.829443825676,2258.3761438334345
