Objective1,Objective2,Objective3
26,1730.5075028545593,2677.7515980657663
26,1683.7512539712259,2697.4755108088143
26,1824.7430051398817,2637.3079772437695
26,1747.3450514850529,2647.2655933598417
