Objective1,Objective2,Objective3
27,455.1493049847498,3219.568441121403
26,480.41086318172756,3191.6033844242247
28,460.12820700442035,3145.766010574797
26,463.2503084131469,3239.4305005075926
26,475.37470829642643,3209.487993697821
28,453.4384321547601,3210.386883505767
27,471.95583972917433,3206.3431955217857
26,469.45937547420704,3222.0355521387382
26,463.07033699194824,3275.2391088749537
