Objective1,Objective2,Objective3
26,815.943786761272,2296.4401321255623
26,843.80633948674,2261.648863806574
26,852.5614886194893,2259.675445158741
26,853.8530174460551,2219.02819498598
