Objective1,Objective2,Objective3
26,814.9940943368755,2165.251142326153
26,816.9619832936764,2119.812446757544
26,832.1261238843108,2089.1531514196304
25,844.0244459767961,2195.0407372728714
