Objective1,Objective2,Objective3
26,863.0601469699936,2244.953224348137
26,837.9535878008209,2300.1953785778296
26,879.0137207273651,2238.602951563709
26,845.3860025444819,2258.029684302042
26,833.2426174298647,2327.8547502750766
