Objective1,Objective2,Objective3
26,825.4622014063578,2287.16070727764
26,865.964537053382,2257.210300803357
26,832.161445374399,2261.3371288714047
26,871.0992927990017,2256.150319226692
