Objective1,Objective2,Objective3
27,441.8961833885435,3144.379753004779
27,448.22046476664053,3103.288890294522
27,451.1656357765102,3094.0291986904176
27,458.9147306092392,3079.580559262406
27,440.52001352182486,3246.155373708233
