Objective1,Objective2,Objective3
26,452.0177092096783,3241.065562929461
29,419.7072532765178,3166.025768619503
29,431.950528798512,3087.354632415804
29,418.25740479609357,3168.5010653150694
27,447.6878463607394,3199.619720301007
29,423.8779252865061,3151.678640174817
30,415.3815983145497,3243.7990985711162
29,416.5384500619943,3178.5880810289714
28,427.05310048292296,3145.7326462231704
