Objective1,Objective2,Objective3
26,1719.7890503809203,2674.3279977578
26,1852.546720323491,2617.9475810021017
26,1766.9170951150984,2642.1976904316853
26,1653.078666164848,2718.425502446718
27,1751.9748016200472,2643.9691236955364
