Objective1,Objective2,Objective3
26,1850.3328635260814,2663.383028231105
26,1791.0824834694008,2701.744987515803
26,1834.6806246197455,2690.0469999765996
26,1853.7950966668955,2652.545363121371
26,1796.0074567077863,2697.7187296466805
26,1844.026276431879,2680.830882311532
