Objective1,Objective2,Objective3
26,825.6243068266897,2307.3513407869045
26,834.6510517632571,2222.21080996482
26,829.6329899257212,2306.4364300134325
26,817.6940884544608,2344.880770270266
