Objective1,Objective2,Objective3
29,412.34400574446863,3234.441533295448
29,423.42728347617987,3182.3447338516307
29,415.31052427636547,3217.0097396248766
29,420.314575946883,3212.8796316695525
28,428.0156886350279,3221.142948723206
29,425.46638197006934,3180.283620269034
29,422.16034533678487,3191.7396417443597
28,426.7654043947831,3296.325337826439
