Objective1,Objective2,Objective3
28,428.99769834218813,3166.7036834318187
27,435.8552572869036,3200.7920276081763
28,425.5476008277416,3198.359235646028
25,483.30834510932175,3486.0327386901013
27,437.7872074642411,3182.9822696619854
28,431.62461001689235,3142.6494923074897
26,453.4431256181684,3201.204468210985
28,431.5142467451713,3166.0623611360484
28,427.7449826318098,3185.810398503257
26,445.9942081722401,3229.429001028017
28,421.3119772163885,3202.189251506856
