Objective1,Objective2,Objective3
27,456.67966302359054,3090.7087839966152
26,465.6728958317415,3133.1531733049987
26,459.63546820920925,3158.5338839458377
27,451.63816822113733,3114.2296250574846
