Objective1,Objective2,Objective3
27,1819.499030218129,2716.0412704600885
27,1846.0748109937044,2688.4845402342994
26,1893.517413691485,2682.8050329469365
27,1876.8579202865792,2671.38633492147
25,1963.9642166069968,2842.4120411275103
27,1868.0776989089165,2675.4722120857364
26,1911.6086685776804,2651.2101062481543
26,1854.1024024600108,2844.7926107031453
26,1864.0997116286424,2699.082888363041
