Objective1,Objective2,Objective3
27,489.5404988934771,2107.5260299965516
27,465.6920158191787,2125.1865957866667
27,498.62423270565955,2104.016965434443
27,483.08128792053606,2117.232810052876
27,492.16365841119494,2105.8750189216826
25,526.3363296915976,2180.120555212483
25,520.3865234635482,2186.6889494037373
25,569.2887556163812,2172.220719179679
