Objective1,Objective2,Objective3
27,441.3704768005273,3200.2000027396075
27,437.8481426027794,3221.978620956238
28,424.2077364369223,3148.563798074879
28,445.2520458190075,3143.0447177985793
28,417.7003452970413,3161.0371567850966
27,439.4345788778366,3202.477316042385
26,460.1330834356729,3293.4617969684864
