Objective1,Objective2,Objective3
26,730.5938311079434,2076.346857204244
25,738.04358237329,2190.9840312468627
25,800.8832856497839,2169.544131252784
26,720.9154215735856,2099.804471811399
