Objective1,Objective2,Objective3
26,482.4904298654075,3124.4036681166403
26,458.6940009715023,3184.841438671354
27,456.7705425570641,3097.8530118171157
27,443.7244613685593,3174.934884383527
27,452.72488308602584,3150.3387287692167
27,461.3326596009468,3079.905824815165
27,455.9088027455438,3134.968677353854
