Objective1,Objective2,Objective3
26,1764.992521729586,2700.8073715548135
26,1769.901098493252,2669.029938213923
27,1667.9269764293674,2726.380375585997
26,1694.5946514412055,2772.309945841245
26,1740.9838786010364,2730.52213671162
26,1706.6506358982592,2755.243279738881
27,1687.136919395251,2702.1544360846688
25,1652.7139423717147,2807.3501997209023
25,1749.099809103194,2737.4518646483807
