Objective1,Objective2,Objective3
26,1693.613661282349,2705.215600514683
26,1671.2298634185493,2771.888542999337
27,1730.1044874023528,2669.3719900986453
26,1713.0060375121375,2675.0904544786385
26,1687.1055443302423,2705.9152602718304
26,1711.3679075290784,2683.895050758658
26,1739.5797912799867,2645.338638214038
26,1840.1047875388372,2602.137559114689
