Objective1,Objective2,Objective3
26,1693.6178934689297,2699.5241126144283
26,1733.1247197832406,2694.341974647897
26,1805.7051243613641,2621.0995535964903
26,1757.7449116011232,2636.136833572442
26,1681.543281650642,2747.072467841816
