Objective1,Objective2,Objective3
27,441.01053094830405,3074.962498402846
26,436.00473885838636,3146.368433855868
26,448.03785570941807,3116.78676315301
26,441.4431426427324,3141.252016282988
26,452.9766923742542,3110.619511684248
