Objective1,Objective2,Objective3
29,415.9988762182546,3214.7830754036404
26,469.1856497813866,3300.0790276485727
28,427.5965601039062,3187.620060133527
29,424.981809385489,3135.9816435404477
28,426.08322701566425,3199.3188886264243
28,433.87660108246234,3131.6399494430607
29,419.4932445191356,3151.100060009032
