Objective1,Objective2,Objective3
27,448.95394085311335,3145.292119121994
27,451.7305242599471,3090.915069668935
27,460.6755923597056,3077.380966450807
27,459.0174240349803,3089.554680063966
27,451.33698179599344,3119.8567361094
26,460.7504000717494,3115.214824287087
26,459.53245391440595,3157.638006272089
27,450.37927747417444,3145.179179802546
