Objective1,Objective2,Objective3
26,439.45772253569123,3112.6215556400844
27,434.1232677330656,3108.3598250465784
26,437.3750375327014,3163.4490865580656
27,446.09079125996067,3097.9451238635047
