Objective1,Objective2,Objective3
27,431.07469320926356,3107.1533854930085
26,441.5954606490738,3134.274812664149
26,443.48563870473845,3098.114445561693
27,440.2805339385042,3099.366194616973
