Objective1,Objective2,Objective3
27,890.5211030863345,2160.3032744475054
29,840.1188678104857,2140.7217274502955
29,854.1802285869168,2138.208155289298
28,895.1648675364078,2087.1198828443967
28,856.9395739655831,2110.88172438301
