Objective1,Objective2,Objective3
28,446.03793742434385,3119.4125110886084
27,449.25961607013744,3134.192922163062
27,446.67963505335314,3170.278918052215
27,462.79177219073443,3106.211179877104
27,458.2513970468313,3125.664137746559
27,445.3258846740876,3172.454549408582
26,473.86875266931906,3150.096982440554
