Objective1,Objective2,Objective3
26,698.4951371020696,2135.8642925747995
25,747.465466981598,2226.777727514095
26,725.0974580818163,2118.49759083463
25,761.4027112504476,2165.6488809314196
26,748.9216325333942,2093.9489407029328
