Objective1,Objective2,Objective3
26,1660.205631874439,2673.817789079257
26,1714.762621406693,2633.4241823391208
26,1751.824106199405,2619.149508349349
