Objective1,Objective2,Objective3
26,1489.2362542691358,2735.5769699521793
26,1547.101320359395,2674.1709365905285
27,1493.7169810838777,2706.753744915212
26,1624.7997634255892,2674.0875610063754
27,1502.440579457803,2690.460022326606
27,1452.2763886172015,2707.327609185219
27,1580.2528426136855,2663.370004019068
26,1448.5455509703172,2759.070880740269
27,1393.3767272970827,2761.1590420800144
