Objective1,Objective2,Objective3
27,464.27313937593465,3078.3507572602302
27,452.3899280924085,3101.649816572724
27,443.8640052506769,3149.349784181338
27,448.88796250654417,3127.286426445284
27,451.7391243188809,3125.8714189977286
26,453.5302041335445,3123.1377595724307
