Objective1,Objective2,Objective3
25,842.1873158051735,2180.041349940088
26,860.4505459515572,2051.465117205631
26,817.4430790982016,2078.072795154728
26,801.5058551566572,2116.9239670210104
