Objective1,Objective2,Objective3
27,845.8545054359861,2211.5626345594033
27,847.9418731738292,2155.701083963677
29,845.2530149049493,2161.7643840579112
28,879.0963251480568,2137.2888045147038
29,869.766130521038,2140.171208417405
29,855.0718255292095,2140.5778102919417
29,847.5193668741283,2150.2072378742864
29,890.16197063606,2128.719558450701
