Objective1,Objective2,Objective3
27,430.2345640598331,3127.464521192228
27,440.2235851947562,3098.194668400455
26,442.42077824994044,3145.7858678314424
26,451.3776952417465,3096.178658894779
26,444.48662425964585,3108.575184514417
26,446.2094311480807,3104.888045663386
26,439.9437447471771,3181.572387847864
