Objective1,Objective2,Objective3
27,470.53765776526603,3237.764243917199
28,459.90662983513096,3149.966218407062
27,480.73007123609256,3210.314920410309
28,456.653176904121,3155.307900728013
28,445.3556064423175,3231.0358505384847
27,466.6516434481817,3302.3626634479383
28,440.6407495998803,3303.5692696301144
28,453.21821910915895,3178.4149228429173
