Objective1,Objective2,Objective3
26,1744.915687626105,2673.227162292974
26,1780.7747882454987,2641.9818308470426
25,1808.3828654503911,2726.0207282389993
27,1754.267956611951,2658.9858809494476
25,1690.8880398949552,2874.5112926946995
27,1706.807942725927,2688.6629355370287
27,1738.6948199369936,2677.406251601684
26,1713.71889980899,2693.541925956717
27,1680.9158633996162,2717.3608567971564
27,1708.3276940356163,2687.052292187346
