Objective1,Objective2,Objective3
27,1455.1995295735837,2698.382353957113
26,1460.6062184021243,2699.626481379612
26,1532.332610490561,2667.8144540403237
26,1453.5528113342084,2703.50124309138
27,1488.079486189841,2678.2779616158095
26,1577.9599039909453,2667.2386811080146
26,1426.8148969135232,2777.7034173574357
