Objective1,Objective2,Objective3
26,1879.2505215612002,2682.3640049903593
26,1815.5363039776792,2689.0151530901585
26,1788.927341953365,2745.6139208340564
26,1797.3805899022343,2695.6733994078
26,1790.328692441985,2733.938150277954
26,1896.1928212127996,2678.7272244405885
