Objective1,Objective2,Objective3
26,1472.06659165731,2733.115610713447
27,1559.8215724696174,2674.2615030387046
26,1522.86663517828,2689.078700339392
27,1488.5928649672696,2677.7965313840054
26,1571.6792562712671,2685.742470702378
27,1480.5342368527172,2682.902530233657
27,1648.5084500896428,2661.161421924227
26,1455.294691941517,2733.996225610807
