Objective1,Objective2,Objective3
26,743.2945492086834,2249.9188981358843
26,721.5316636200436,2315.4249431682556
26,750.9779528687989,2206.0571945370816
