Objective1,Objective2,Objective3
26,826.9596751587231,2114.6664510033565
26,785.3862791297687,2119.6005564850348
26,829.8548524081486,2102.21592917327
26,803.0420581007521,2117.1899316864037
26,773.7748688536872,2129.9577293258812
