Objective1,Objective2,Objective3
26,442.8308389095297,3153.199959137622
27,442.16703205096985,3100.1547538116797
26,453.9372768201322,3079.179707325725
26,444.8464675273708,3130.501771633697
26,448.2582966392789,3110.7555239532903
26,455.55961584934636,3074.4941815743196
27,429.67192509328004,3113.126549473819
27,436.51903814418193,3110.1775448704216
27,446.99706935870074,3089.007123107264
26,446.63824577356166,3120.273408435586
