Objective1,Objective2,Objective3
27,850.4724587146144,2232.7639555668475
28,849.2465282986908,2190.5694952389895
29,838.3911316516335,2155.395513047836
28,861.3727875512276,2152.109232402194
28,886.2790696800866,2098.141224321374
29,883.4282652138215,2142.4996894756414
27,866.4599299410506,2182.6321290511883
28,857.4130989762756,2164.5094617234795
