Objective1,Objective2,Objective3
26,444.65125321423244,3094.093959500112
27,432.95398343742926,3123.4698240393636
26,440.6196542675819,3108.9862054775767
26,440.41812636395315,3132.2205095454337
27,443.1264274854647,3098.5031195746096
27,438.7951956548756,3106.1908952093045
