Objective1,Objective2,Objective3
26,453.289033203051,3175.104438472054
27,452.8255590008081,3072.6589014548645
27,449.4936118223522,3109.3605071058737
26,463.7825626217944,3141.964493892029
27,449.09970962195797,3116.8719974309834
27,443.7828881649904,3122.9662053813568
26,453.02331689776867,3186.1265147602116
