Objective1,Objective2,Objective3
27,463.53269096962737,3199.4184173802632
28,444.7594690301433,3225.683233672224
26,467.45207247565406,3203.8543367591783
25,484.97184955705757,3315.3396588778696
27,461.3143309448716,3291.8425313338334
27,460.5537490833201,3330.962623029933
