Objective1,Objective2,Objective3
27,459.39572772133243,3082.0652711269227
26,456.9550559298808,3138.9952269507803
27,448.2209875998672,3119.274864543274
27,451.843431021222,3103.4845285838956
27,463.96578885450094,3078.4142530661716
27,455.29394252412334,3097.619214079368
