Objective1,Objective2,Objective3
26,1633.1041638534393,2683.2258711667696
26,1649.5540108857845,2669.557949865267
26,1585.2184356153673,2725.203984889135
25,1817.995459336327,2660.3924234288015
26,1575.4674555457661,2955.58999805074
26,1629.2812680897391,2695.719989845679
