Objective1,Objective2,Objective3
25,1708.639165829474,2733.329574022049
26,1667.6684756297757,2743.4649101772425
26,1692.5258183239498,2727.181064445622
25,1793.855790179425,2709.1258527615305
26,1738.3384609566567,2639.0134021283343
25,1681.9921057453853,2774.852107733832
26,1659.1182451649925,2746.722421334299
27,1697.061959453564,2721.9900398356003
