Objective1,Objective2,Objective3
26,830.0375942562173,2233.775011154587
25,853.6179726730179,2323.490466186739
