Objective1,Objective2,Objective3
26,1718.308963547426,2723.7933513689654
26,1758.299181135029,2667.341211554314
26,1726.0874713493315,2684.872490166195
26,1686.7027568164526,2796.556124508282
26,1728.5285244069855,2668.7946117507427
26,1769.8805567502113,2634.0102824998667
26,1766.5002775376302,2649.7420493970358
26,1761.467919900358,2651.3567865307914
