Objective1,Objective2,Objective3
26,753.9497013186376,2286.5192164131668
26,756.8846738519345,2244.4618148066365
26,795.6085828245004,2233.9804716061994
26,733.4718588683079,2291.0866300436855
26,760.5320925691739,2243.075395083892
25,765.7161086411844,2394.217323591087
