Objective1,Objective2,Objective3
27,462.3271106851729,3344.325475595272
28,442.6635703888045,3179.0495862874104
28,449.70495563594613,3167.8721037483715
27,474.73707751198407,3148.0051440501197
27,471.2342087550716,3229.316508519547
