Objective1,Objective2,Objective3
25,1688.7943833414897,2779.7502805312474
26,1741.4737757562966,2660.4581444785917
25,1753.8121586599625,2773.4466066348373
27,1648.3621753933735,2735.7319026174823
26,1707.1650339536955,2674.0941546901777
27,1644.2032666360749,2745.2160450827455
26,1701.645748700727,2675.6723614841217
26,1658.227453125755,2800.209669218362
