Objective1,Objective2,Objective3
26,1081.625465562729,2652.393651067813
26,1034.8449608839892,2702.4500945927734
