Objective1,Objective2,Objective3
26,836.7906712750697,2234.597762511769
25,868.2573369562174,2387.6923024238645
26,854.6918992761558,2233.9790499914197
26,835.7824568217001,2399.8639775225006
