Objective1,Objective2,Objective3
26,838.4985083845864,2266.542491297509
26,862.268762654467,2236.3866920232886
26,846.5912571810455,2263.5720953469117
25,868.9913845071061,2403.532871425689
26,836.5222103542193,2305.51429374017
26,901.3759696491265,2235.768923101589
26,860.5052332363973,2262.1308916519683
