Objective1,Objective2,Objective3
28,438.0712937136259,3138.0480981012493
27,430.9689172428896,3188.6342062467374
26,465.29634596978957,3259.7471391832746
26,454.90148913455226,3355.261215325856
28,421.44101524685306,3217.357837769137
28,422.99187634804025,3142.1857705725474
