Objective1,Objective2,Objective3
26,761.7833309915835,2197.9862046402445
26,726.2277152911382,2310.6485015595968
26,741.5583129503278,2261.5306877420608
26,732.7530088741287,2275.361145262522
