Objective1,Objective2,Objective3
26,1825.4915227498602,2703.953301363367
26,1908.218265269148,2679.0107104390077
26,1879.6165128269977,2679.44920092763
26,1808.6860518504404,2716.4686434803525
26,1843.796740248697,2703.570350482874
26,1798.3227641137123,2746.1782320264765
26,1871.933775612713,2680.6259285895317
26,1853.702430899695,2686.1703161092278
