Objective1,Objective2,Objective3
27,1778.6698056301261,2662.9203973178232
27,1718.9031214797442,2666.478692965788
27,1695.8514459293012,2707.1353847957157
26,1707.6644905093738,2693.0068080362425
27,1693.4901091089505,2722.9930292004215
25,1793.966002466753,2743.376084201305
25,1708.4997973625298,2802.174571494501
26,1793.1248534875867,2671.8846645367416
