Objective1,Objective2,Objective3
26,482.09427900197073,3759.1431603820406
26,477.50646021055746,3781.030743525412
27,474.2834697748099,3873.9563238073056
25,484.71817418954424,3723.5464586109015
27,472.88042334337507,3895.4111304716016
25,489.3059929809575,3701.65887546753
25,489.3059929809575,3701.65887546753
27,472.88042334337507,3895.4111304716016
