Objective1,Objective2,Objective3
28,453.8588393668197,3155.843460000898
27,466.8582346828371,3202.265430684032
28,445.06361858219907,3175.024210772064
