Objective1,Objective2,Objective3
27,436.15457237685246,3111.637935548087
26,442.58431950647207,3084.7251855810437
26,438.5628835611142,3109.970822826049
27,433.43894839163636,3139.359098117125
27,441.52316588466914,3106.6954961051106
