Objective1,Objective2,Objective3
26,1061.428270020753,2681.0255806546647
26,1117.2385728910754,2677.289839596706
26,958.8947458322623,2748.308102964514
26,1250.9088864379962,2666.1463681744194
26,1293.431879877561,2643.769457539947
26,1285.3289782239756,2666.0489888941497
26,1213.8046574085329,2672.6066431003646
