Objective1,Objective2,Objective3
27,464.77166520835635,2109.263967359616
27,472.6272235230363,2099.4047027816773
25,490.1547138642262,2176.1861713958515
