Objective1,Objective2,Objective3
28,710.2860474371149,2144.5543318749083
25,731.6597595675519,2114.9458840436077
26,731.7445110597652,2079.3880044951625
26,749.7313263214422,2074.970613287527
26,721.0275991608885,2170.250613410054
