Objective1,Objective2,Objective3
26,1601.9242956963026,2799.3286961690183
26,1643.6841821212076,2730.206664351822
26,1603.808389178533,2733.101059030777
26,1689.224493987856,2650.8422571297415
26,1650.256256761106,2729.3637184232894
26,1660.9723789586103,2706.4657818000223
