Objective1,Objective2,Objective3
26,1651.6593363504899,2687.83731298033
26,1602.665961988754,2695.7868037191774
26,1596.3374730627781,2772.4862687448685
26,1576.6619481532744,2797.171266130507
