Objective1,Objective2,Objective3
26,1725.8323103423618,2693.0180905838256
26,1718.8861851087636,2750.8140414347963
25,1814.7305369293856,2767.3720903509698
26,1729.7536943205068,2684.073285959133
27,1671.22905709973,2651.78733598672
26,1684.6986824767655,2796.679595410927
25,1775.8548486220934,2786.642974024891
