Objective1,Objective2,Objective3
26,1603.7128488142116,2680.975163085001
26,1598.627855750642,2714.6928195053983
26,1542.4251677930426,2794.4495914412546
