Objective1,Objective2,Objective3
27,665.071033573528,2154.2685370512963
27,637.6158974267076,2179.510625535883
25,671.103493415097,2156.889563498851
25,665.5592690096402,2229.3532980417426
27,671.0456664624539,2136.4188456734632
28,614.5597722812147,2152.4170623417363
