Objective1,Objective2,Objective3
29,422.15816278127215,3181.0784191635876
28,430.6208019402512,3223.939902912056
27,445.8017524374987,3287.190594943996
29,412.6480544746445,3217.7372436912988
29,416.74066990938866,3198.2680141029487
