Objective1,Objective2,Objective3
26,1743.3952292197866,2658.5717785353418
26,1785.5043903097987,2640.5401970963444
26,1693.1410060105995,2662.9299980593496
26,1763.1619734716714,2652.922471004936
26,1834.1150336297474,2639.7063057352093
