Objective1,Objective2,Objective3
26,858.0025816623343,2101.164614829789
25,889.3990349998442,2110.5034156378565
25,852.3799581390017,2170.057767147457
28,804.2621476371262,2089.2929012391173
26,814.6083448079115,2112.6377637876485
