Objective1,Objective2,Objective3
26,478.76079366868555,3193.539641584006
27,468.54848156168356,3278.800349865601
25,480.87250955483347,3205.777081921479
28,450.1023609854633,3214.8943165524065
28,441.5483414899852,3252.8277049898015
27,459.785135698349,3284.50225290838
26,469.05283521348963,3261.530004373396
