Objective1,Objective2,Objective3
27,444.2930383491611,3146.5432434686377
27,450.1826817886844,3101.18215832096
27,445.6749092210964,3114.1683122959903
26,460.1910717012818,3134.3407766885202
27,445.99485824254697,3107.5689502154337
27,457.35032871601624,3079.221859345924
27,451.28238293361244,3092.9661404438575
26,454.75633282655485,3155.0574049619463
