Objective1,Objective2,Objective3
28,455.989305329205,3223.1834417442037
27,460.02277775052374,3298.6162225659973
26,467.7010524278568,3201.1987066974293
26,466.9630084158234,3281.221427033851
25,486.47582288877703,3270.761001426924
26,473.36899411313954,3182.3090681808594
28,463.4867760204304,3200.625399814702
