Objective1,Objective2,Objective3
25,804.6292427313396,2134.8255446511357
26,743.4341549839298,2094.1475258273426
26,708.6303589392659,2146.3713363677452
26,745.2031750016117,2065.9465701698678
28,689.4602296708562,2100.397118550765
