Objective1,Objective2,Objective3
26,866.4844391436187,2181.1052305697735
26,824.8803417455659,2373.957294851335
26,853.2789417243905,2208.267950660614
26,824.142659864726,2420.616846459899
26,824.8923315133545,2284.283785457545
26,835.356655518791,2249.361211628344
