Objective1,Objective2,Objective3
26,474.76762939032415,3183.6172849779477
28,451.808023008301,3313.4180071805786
26,468.7485179764463,3257.3454674443437
26,470.9401585950664,3245.5696764767026
28,458.20042483369116,3151.442006146085
28,457.3921211566111,3197.9155408374777
27,456.8723087268283,3256.884728267867
25,483.83473764387236,3234.5120322623525
