Objective1,Objective2,Objective3
26,862.7031672927102,2250.971552479445
26,812.8002011386488,2265.9660469430723
26,852.3349387760526,2265.7181999913973
26,887.7625876351985,2217.1856067591943
