Objective1,Objective2,Objective3
27,468.9223839310664,2112.501730612078
27,478.6552520079329,2096.084944907167
25,511.5319416550026,2176.156024777724
25,526.847006641518,2139.867016770383
27,492.78738298293047,2091.313858453544
