Objective1,Objective2,Objective3
25,762.0001918250972,2176.032704555101
26,759.690012998886,2066.34335968311
26,720.8684046794183,2140.5782961132295
26,741.6854967390115,2069.7342284984265
27,705.760470838445,2142.6458902495756
26,723.3511966945349,2113.331658445897
