Objective1,Objective2,Objective3
27,623.17430525653,2157.0356612347628
25,759.1577971960727,2161.229873604432
25,670.2527301865139,2289.1228296112104
25,692.7187566152155,2217.6045762386907
27,633.8166984669148,2135.0355945354722
28,608.676331806573,2232.3013975052427
25,705.321170511019,2195.946672603991
