Objective1,Objective2,Objective3
28,425.2368376086212,3249.4118801132863
29,420.2173677664608,3213.535665011548
28,430.0520559156261,3232.6361073187045
29,412.29067972021585,3251.1350909216358
29,421.47281012328284,3193.7443868728924
29,416.65887700785623,3221.953753797852
