Objective1,Objective2,Objective3
28,848.4384224574081,2184.916565800298
28,858.0074585610428,2164.0077420803595
29,883.0614735789178,2112.5953508333714
29,856.6036953117056,2142.1108550007275
27,870.1830673486153,2197.1481415508
28,830.8967211997456,2234.074824501311
29,819.3222167885083,2143.1958979463234
28,875.6789872747793,2163.3107313404657
27,830.4576054194685,2334.6302725348382
29,875.5561300972687,2128.4389013963573
28,877.1878558841706,2116.3158782470346
