Objective1,Objective2,Objective3
26,1860.951645056675,2641.176237592287
26,1839.5848849506315,2657.2883183035497
26,1769.839653297799,2716.2011107732674
26,1793.8873909122622,2657.630220256965
26,1789.7227182334877,2709.1013421788875
26,1738.6034013254616,2741.904651399008
25,1944.4072493982126,2658.773558926061
