Objective1,Objective2,Objective3
26,1743.1771175754216,2635.717739778466
26,1718.0518034556462,2688.8623947158744
26,1694.1259919885747,2699.4137395251887
26,1735.1018250297407,2678.705536284986
