Objective1,Objective2,Objective3
26,927.0271670843648,2820.3364571363445
26,1072.4974575442561,2709.297643839403
26,1062.6361780842053,2723.758119271149
26,1030.3370410567154,2735.1159642108364
26,1117.8466047207899,2671.5525379853834
26,1162.5814715849535,2655.3016164600695
26,1091.5059914131448,2682.4322518958215
