Objective1,Objective2,Objective3
27,1826.1348265572963,2731.8736618209805
27,1864.5773059919336,2661.402065460914
27,1833.6964859885977,2694.77299428627
25,1922.0642657175922,2762.9726657379515
27,1846.4056682198043,2674.46329031635
26,1900.0565961014008,2691.784610151308
27,1880.9904275566787,2652.52852424925
27,1922.5778604456698,2642.613020443024
26,1872.9756317767792,2722.4730545436196
26,1975.3437820535173,2675.03781337269
