Objective1,Objective2,Objective3
26,1130.5190938133458,2674.908516707004
26,1122.1012210899482,2704.5508626027663
26,1046.8582808748654,2740.123890270261
26,1022.159698001399,2778.204160910363
26,1168.5306078319372,2670.2561948637613
26,1073.0401320198882,2710.1223869948676
