Objective1,Objective2,Objective3
25,727.6642402045783,2134.952587802017
25,699.7732264090819,2149.38264948184
25,662.8040728634634,2184.1083299006314
27,625.9082107330727,2115.123926590529
25,655.0334228867282,2278.052137149634
