Objective1,Objective2,Objective3
26,1889.9528082028382,2664.598954828828
27,1835.4434329728856,2689.8880424453287
27,1827.1592428055887,2740.9568447609345
27,1875.0176154238259,2666.4083582219846
27,1873.8683255276685,2667.2467147329985
27,1898.151927019914,2647.1498406617025
27,1897.0644894159702,2662.571119746006
26,1871.1350187525177,2690.499527385398
