Objective1,Objective2,Objective3
27,456.45780741267595,3096.2071860729557
27,450.43928464479814,3145.0890085712576
28,442.2528874896294,3145.930402217805
28,453.54278187356147,3121.174882437128
27,453.9428148240973,3114.792438750703
28,450.26794547835976,3122.4637667606144
