Objective1,Objective2,Objective3
26,742.7943222265365,2289.9848379132254
26,743.0581636836088,2275.825318116627
25,761.2792674774635,2343.687089509144
25,766.3140561857659,2238.05420653842
26,740.3552011827003,2369.2642156625598
26,726.6521166857591,2379.046879387301
26,759.2744175179595,2249.0101926585226
