Objective1,Objective2,Objective3
27,665.7501990991555,2148.488896833525
26,715.5022491037115,2138.5923204677756
27,629.0795323296045,2148.970820276079
25,691.2821287482882,2161.334071690561
25,680.2989296533558,2232.7687552690572
27,628.2427960861243,2170.163871773004
28,619.2821945705598,2200.4822785857696
