Objective1,Objective2,Objective3
26,831.9226539193223,2267.736854461934
27,850.6056523793405,2247.1820499692894
26,839.113759017298,2256.6483402891495
26,819.861704622257,2354.6114658136366
27,883.2350492906347,2231.458436368916
26,850.9976947317125,2249.814033725372
25,879.4091575620497,2311.1717100348214
