Objective1,Objective2,Objective3
26,458.05665116068843,3098.992191881655
26,451.57191705811834,3145.466967574252
27,442.0526810080848,3112.1253043326583
27,452.4536052382014,3085.364616456791
26,480.1625136640355,3090.1423305756834
