Objective1,Objective2,Objective3
25,507.83734391112523,3278.243241969065
26,471.2413060632151,3228.078509618503
27,459.84708286220246,3277.1468830079625
26,464.6759001425532,3358.5607674924922
27,456.66980863322215,3315.3074188003693
25,488.5877760938368,3375.588676031454
28,463.85951067607004,3184.9912520832236
28,452.1916970259253,3261.4199282958375
28,460.53830287708337,3190.7602774757115
