Objective1,Objective2,Objective3
27,459.3909575255546,3083.051591322228
27,447.9366424647485,3131.7110699960904
27,462.96972232922246,3048.5178425122303
27,455.43418200921417,3118.3959766761973
27,448.232738150458,3119.420597403756
26,454.52953389365086,3144.7512150334696
