Objective1,Objective2,Objective3
26,830.6636425731626,2237.5842858315273
26,816.7649385970234,2326.766178677278
26,828.3358321064342,2294.2440451217367
26,835.295029856997,2220.70296066293
25,876.7866932998134,2246.7683627828633
26,840.1876282127239,2211.888400046741
