Objective1,Objective2,Objective3
27,438.65902387914315,3162.808407039064
25,466.1577654158888,3398.375111048562
28,427.1119208076334,3158.362566015143
27,437.57573967463475,3169.160306263682
27,435.2219375632453,3228.4177120248355
26,454.8913071842893,3300.2626770202605
28,422.8929267356419,3180.182222889455
28,429.6520272040214,3148.992478682713
28,424.9471519566738,3158.53424713354
