Objective1,Objective2,Objective3
28,419.76012487419575,3266.584243700123
28,417.3587567105013,3296.1435500692514
28,425.03359377209506,3190.5007157032287
28,421.9598285501266,3238.896347343514
29,415.32562641802525,3278.82608231323
26,453.0986299061164,3569.027378212833
26,455.717995485573,3432.233746777436
28,424.13908413304483,3231.04416086123
29,423.44914914274534,3192.0959429155873
