Objective1,Objective2,Objective3
25,872.546981135349,2349.174976526628
25,855.9595724350797,2439.4341588982675
26,832.4032085686449,2316.2683003171596
26,840.5458522213092,2219.05469258783
