Objective1,Objective2,Objective3
28,420.34735439512883,3186.5199276155445
26,453.497406718235,3279.9556487110376
27,433.479742969109,3177.121613166895
28,421.6784221598628,3147.961492213723
27,440.81376783185533,3130.214203227538
