Objective1,Objective2,Objective3
27,1495.3123731068467,2681.0853336749765
27,1516.8912510795224,2673.5813294129184
26,1438.929241406977,2794.9330182660933
27,1455.8032460179538,2725.545402339938
26,1569.0290550533314,2673.218596018068
27,1574.4707897551841,2666.950050885975
26,1535.9613930392002,2681.926335907973
