Objective1,Objective2,Objective3
26,781.9474487973444,2152.432249895768
26,780.3532741164356,2188.143810415928
26,787.5184368866219,2096.162728962099
25,836.6985608172132,2195.24729164256
26,804.6471580710758,2093.8906002898475
