Objective1,Objective2,Objective3
25,832.3001922609678,2199.835506370425
26,832.4415121376004,2086.5059939574026
26,771.5691079579242,2117.9413447444585
26,791.5413318361832,2096.778087155077
