Objective1,Objective2,Objective3
26,463.71694689717765,3135.203378043089
28,444.51852989202575,3223.32483621109
26,477.7921236538479,3131.6930366361007
26,485.9652410530825,3109.8342434694214
26,457.11388964845037,3137.637740476819
28,449.1274802989077,3160.4949877783865
27,470.79862006570954,3084.7877578393222
27,449.42851917012655,3090.8353054686722
