Objective1,Objective2,Objective3
28,416.4761425050518,3190.2220755087874
27,447.1320073770756,3304.658696176073
