Objective1,Objective2,Objective3
26,1842.1849794330167,2655.7879432716027
26,1803.3451784064687,2658.956777187297
25,1925.2427618486445,2660.306987838053
26,1790.5451565049743,2664.492845111853
26,1783.7814169194544,2694.838384021961
26,1772.7916417748675,2705.4709692244005
26,1765.0179660756078,2761.2516231887475
