Objective1,Objective2,Objective3
26,1036.364451038663,2724.1211854005696
26,1302.824030690877,2648.7642259395157
26,1080.8052268953056,2680.2999125707247
26,1197.9046197973896,2669.1348477932675
26,1088.0885432486211,2680.060101093972
26,1037.0341972223994,2687.8886966312516
