Objective1,Objective2,Objective3
28,424.1883649629357,3187.4911577381013
28,421.69525101352116,3197.296799273427
28,416.8179582310425,3276.561707810994
29,411.8054669285679,3225.8271279175397
