Objective1,Objective2,Objective3
28,445.2591564473111,3159.5489217646646
27,462.3479205344329,3176.4472223036537
28,460.37370886805445,3140.518953494078
