Objective1,Objective2,Objective3
26,829.724540727848,2068.811865617677
26,820.9257230637256,2093.160644793888
26,784.6963355011372,2102.484396282968
26,807.422294942734,2095.530147039377
26,828.1612815413692,2070.7998216573224
26,777.1920470570109,2129.21547413689
