Objective1,Objective2,Objective3
26,1459.5497162521149,2747.5778884644087
27,1517.5031963649797,2681.9645639285573
27,1586.2451738061238,2631.6244423726203
26,1467.600450024933,2737.844766433622
26,1540.9971089903265,2648.908620538387
27,1422.0064887776534,2719.891013017512
27,1445.3781369669327,2695.2780157235634
26,1501.8408784603075,2686.6010949689844
26,1520.9434312621606,2680.8072870903466
