Objective1,Objective2,Objective3
29,415.4309904743347,3223.087622222731
28,418.2333915962115,3122.5336217333556
26,457.13134769681943,3441.661642289
29,422.48845715112617,3116.360865615233
26,457.7644316905491,3262.8884933393047
29,418.4034134634736,3118.9300634695087
27,439.7161130886546,3198.688352666428
