Objective1,Objective2,Objective3
26,444.3372532585205,3110.6095716460054
26,459.9536784481679,3059.0042627667253
26,453.64060407406777,3059.0565482677284
25,476.8941131691005,3300.6563227856054
26,440.82865601983985,3142.5394657098814
27,443.94769552220583,3090.18412809452
27,441.080512123923,3118.976379712036
27,438.3478607446027,3145.7333760146157
26,449.3418583487974,3099.8504422867063
