Objective1,Objective2,Objective3
26,757.8579701264845,2215.571954703514
25,753.0252134456383,2237.9998577723154
26,746.1504899033491,2305.7919102264495
26,751.2055973919465,2271.0112947415364
26,712.0016819373429,2337.366828689159
