Objective1,Objective2,Objective3
29,422.2688800070223,3131.126848371661
28,435.22570741955275,3168.650217924922
26,455.2417453915816,3248.4954255911002
27,442.0909052518295,3219.1199429547632
28,423.13121552766063,3173.264814448843
29,413.5377560932716,3143.204071811305
