Objective1,Objective2,Objective3
26,1668.6955739463883,2812.999341418368
27,1639.0839758114787,2689.55436418173
26,1786.413862958161,2625.1683219283377
25,1707.6154395326773,2796.826327662759
27,1705.2920316466964,2679.7141756104547
25,1868.4322814212217,2638.410654450876
27,1669.9719247385701,2689.0791696861875
26,1778.8120789770624,2656.393339783173
26,1695.2752366291672,2693.248639221632
