Objective1,Objective2,Objective3
25,512.0574817169002,2133.249991220486
27,478.1408353971015,2135.1969063766583
27,480.7787930129332,2120.082731698289
