Objective1,Objective2,Objective3
26,1929.894996081132,2660.756400128062
26,1891.9440712230673,2662.635632979029
26,1806.8894828402167,2704.9285101809705
26,1770.4018470262727,2778.5376851777596
26,1849.6855233898857,2666.7601521618053
26,1796.5557331079178,2765.142168827331
26,1814.5215449256336,2703.780683247115
