Objective1,Objective2,Objective3
26,781.1666907912409,2244.13892858603
26,745.7599835650656,2256.3034124759442
26,738.504768465,2315.257793894076
26,728.2942424364046,2377.124234726308
26,744.3120175438255,2266.869409250934
25,788.7706412616833,2308.896159990153
26,771.276157186484,2250.841267566812
