Objective1,Objective2,Objective3
28,450.32739166098395,3192.101894904578
26,492.0617583922904,3331.03439295926
28,462.86809287696485,3166.4164581020805
28,466.56666418971184,3166.4010708224587
27,464.38179799029484,3263.435188962509
28,456.4790692725595,3184.276369193734
27,464.68080824292934,3194.090473123679
