Objective1,Objective2,Objective3
26,1820.6877397661478,2656.696264114785
26,1751.4163830605303,2699.8802755334486
26,1848.095418331439,2652.452177820381
26,1811.1189237617236,2695.1852317168323
26,1709.064134365889,2838.279334199222
26,1815.0644080935103,2681.076180910053
25,1846.177835741735,2718.9365364442297
26,1717.6200491944192,2704.0370838990393
