Objective1,Objective2,Objective3
26,1056.0877778100446,2692.7132878018247
26,1090.7700501241018,2643.986094311865
26,1047.3103423029736,2751.9183709419312
26,959.5270056470991,2791.4925328582185
