Objective1,Objective2,Objective3
26,442.252204983896,3149.935313677216
26,449.93572270623264,3104.5097236228185
27,437.5511954000653,3104.676779959507
26,445.7943924067619,3117.1606086624324
27,432.7072032724837,3116.1585369390796
