Objective1,Objective2,Objective3
28,447.9208428317976,3173.4347847202553
27,450.62673929606234,3143.057613013734
27,452.4074316022179,3114.439654073527
28,451.55694735458826,3102.53766742896
27,458.242230020404,3104.9323382460448
26,464.65129574929614,3102.5992111005016
27,459.0147712857792,3076.8059509088644
