Objective1,Objective2,Objective3
25,685.1008819774889,2195.2071871467
25,683.2431887408185,2206.80308824379
25,677.3141619127099,2254.133833089588
26,686.469621741778,2162.7800009005487
27,619.4258721198877,2169.5109482233065
26,663.4197707998065,2253.5378136218237
27,651.2140431237698,2133.3116741334024
