Objective1,Objective2,Objective3
27,476.1912521976533,3079.2084687095876
27,463.9344634293739,3116.4917348681256
27,467.5187714263366,3110.909826783052
27,451.7521970540521,3131.503200334774
27,446.92203969447456,3200.802998645159
28,448.43005939879953,3159.4559461089048
26,455.67440578696755,3165.8322947142487
