Objective1,Objective2,Objective3
27,464.9132526107083,3061.663824454953
27,450.62572780185616,3112.038530352208
26,457.42448464801856,3135.0680286904953
27,448.8417767233256,3205.6889110421616
27,449.9306383271382,3121.1674036622358
27,455.36326530681,3094.392716218711
27,457.16457693828016,3084.031707094533
26,456.3634832487869,3186.1639410211774
