Objective1,Objective2,Objective3
28,441.08328219084433,3281.9236381063915
28,441.7498066775887,3228.899122387475
29,417.2640991124051,3216.475359546548
27,447.51470075170414,3329.511766694469
29,421.1917784158588,3183.4863480559607
29,414.6459795566459,3217.8557924093607
28,435.0817166624149,3294.5606804176778
29,411.35043577912813,3223.081452223667
