Objective1,Objective2,Objective3
26,745.2694388258878,2319.2290027372214
26,747.825971621596,2201.1124229761353
26,740.7861996863262,2324.275826921821
26,702.3312230340782,2403.5733899917677
