Objective1,Objective2,Objective3
26,740.8829167082554,2087.56203039777
26,734.0890611212086,2098.73914746334
26,725.1687885293718,2111.5536887739095
26,695.5594780119868,2133.6089616880968
