Objective1,Objective2,Objective3
28,853.1625046481593,2192.622003506572
29,843.4729890769921,2104.6800465578735
27,886.8180066991093,2218.100207915632
28,875.4814905073924,2127.670509953138
26,883.7390994694564,2246.023201609976
28,874.0392080247333,2129.9638129385794
28,882.2192759827647,2086.9907218059443
28,860.4575973752713,2153.3309874275783
