Objective1,Objective2,Objective3
26,792.4160919690693,2120.4178349008566
25,840.8773198020994,2226.23756091613
26,811.5693393259862,2066.080485724286
26,783.0089779185662,2213.1641648480936
