Objective1,Objective2,Objective3
26,468.4417918364045,3238.379342984189
28,442.02668392372874,3234.9462393504327
27,458.66521596213266,3203.496025592831
25,496.7082954366486,3640.998016218819
28,449.08375715992037,3152.7292861484175
26,469.92079179885025,3172.504958071344
26,468.28182595666357,3262.0070115040926
25,496.9038348135446,3417.2178776355327
