Objective1,Objective2,Objective3
25,491.98525343063926,3309.999849805053
25,489.5347645070917,3316.019119714416
28,445.188975507347,3259.0063548987864
26,468.9804105368371,3267.042538443625
26,469.06971431463853,3158.484391947768
27,454.72310723001857,3231.1740025027734
