Objective1,Objective2,Objective3
26,440.9310578024349,3124.558665665225
27,442.7734481707984,3092.542284144024
26,445.3735146095359,3058.7360175717786
26,444.75069484625266,3115.623435527893
27,431.14825877015625,3124.126004620167
26,436.7094437332391,3126.093751964931
27,441.25023126084915,3106.1446911072726
27,438.3501192963114,3119.4569216668688
