Objective1,Objective2,Objective3
28,447.0198435059657,3194.6161135218354
28,460.32433043868036,3167.8214527611026
27,462.9851075478434,3202.254731854242
28,456.7224865128972,3181.5107993774495
28,433.04751568391794,3248.471998593216
28,454.5595658628934,3191.612982948436
28,464.1263251584779,3150.1967803680413
