Objective1,Objective2,Objective3
27,485.92633245298447,2115.702859945049
27,489.56260548308256,2111.704630814881
27,479.9411539868034,2123.7759664107693
25,490.17562099022774,2153.2123979892203
27,464.52792637662253,2124.0667822164146
