Objective1,Objective2,Objective3
27,458.2903202317298,3126.3268902261952
27,475.5770260691103,3091.394681757106
27,468.3038737001891,3098.3369511228643
26,460.3761651344282,3144.167707424651
28,453.6986075618639,3117.458345858404
28,439.60089310395244,3169.0117676675773
28,458.34008797693303,3089.1185417808947
27,460.47437298931294,3121.8122990119473
