Objective1,Objective2,Objective3
26,1706.54438180853,2651.2783199441765
26,1698.126509850228,2742.9214616816275
