Objective1,Objective2,Objective3
26,1796.4248804687938,2713.845666920646
26,1866.5121386777942,2683.863563128944
26,1777.0082191441152,2791.652514886483
26,1801.601593483206,2711.5834056806652
26,1849.5437916899443,2690.32377535248
26,1778.4777629187427,2723.766823720155
