Objective1,Objective2,Objective3
26,459.45064275432367,3130.9363458877797
26,460.0136153201718,3105.876221767923
26,457.71963476105054,3133.5361590788552
26,448.70820156681674,3161.8675438893574
27,454.27784896641623,3094.6606649211435
27,459.1634479339983,3082.5435693833115
27,450.9433068484331,3100.9128531860647
27,463.7123164683301,3073.410188233186
27,447.7292552945599,3140.1886381660697
27,457.38917364235215,3084.16573829943
