Objective1,Objective2,Objective3
26,1622.462209004373,2695.5966397854995
26,1585.808867450952,2842.9892574256346
26,1587.4461447020233,2762.3699151341234
25,1724.8412358165638,2690.213220274631
