Objective1,Objective2,Objective3
26,1756.6429036130714,2674.988266809702
25,1685.3683769660395,2827.192680704009
27,1715.1673980065596,2720.114455376592
27,1693.746804314317,2727.3912511293406
26,1767.827983011402,2674.60480263765
27,1725.5432415997602,2686.795404614298
27,1633.396087536749,2728.6126443252015
26,1748.5773064302641,2686.78428647103
25,1708.1052705802892,2747.369029540798
25,1731.0626508551113,2740.5527371808557
26,1732.0614494243696,2705.2616153061526
