Objective1,Objective2,Objective3
25,501.5324274386634,2153.4797295082003
27,499.56912846639256,2094.8573796632063
27,467.0778073293812,2109.378667637532
