Objective1,Objective2,Objective3
28,441.6431194786617,3202.124171494812
28,456.78985346320866,3185.646714040988
28,466.47988381135303,3158.98386441314
28,457.7478749052819,3169.616401412819
27,471.45747427682124,3197.769788854667
28,453.36356520010264,3201.4741203927924
