Objective1,Objective2,Objective3
27,482.4651559202696,2117.9538358739205
27,471.604002735925,2142.2035401540356
27,490.70409135644644,2097.759669603444
25,557.8098093936034,2154.3514633993623
25,516.4870170885705,2207.8248896039895
25,519.6617407800234,2180.665023479183
25,605.1457188193273,2149.738048921392
