Objective1,Objective2,Objective3
26,749.5389104829736,2252.441947440655
26,749.046018189512,2288.8276788377043
26,759.7733081233083,2240.903498031368
26,743.6638047970388,2301.959178726917
26,751.805420373381,2241.511974120872
26,732.7672195797076,2390.041025428811
26,773.0890530230462,2207.995905119224
