Objective1,Objective2,Objective3
28,425.7843118052547,3162.807968660946
26,451.88443848603043,3344.375845280749
28,437.24905323947127,3117.445821232469
28,424.89055698297466,3185.730961374797
28,434.59116661650154,3156.738159922597
27,440.891545496299,3197.58811096009
28,424.92718390367634,3181.329371636452
27,436.77437502668784,3207.635629466931
28,435.713425138382,3154.391605349401
28,436.09653658913913,3141.7682371818532
