Objective1,Objective2,Objective3
26,839.8067959347622,2073.4554849364167
25,829.3811762667119,2132.9232743174784
26,787.0727724256724,2128.920331766065
26,781.863416176533,2135.801820121421
26,792.6261497786843,2090.4457322355856
26,777.0866364372205,2159.8533948928725
