Objective1,Objective2,Objective3
26,1446.5336330559287,2777.7464956395697
26,1526.1575367519476,2763.790180513412
27,1481.4377024061805,2686.2879615300662
27,1519.7880348624535,2678.2764818667956
26,1564.929796098518,2709.9920338791007
27,1579.4271854054468,2670.625122762518
27,1641.0648364944475,2642.810521089184
