Objective1,Objective2,Objective3
27,643.2465224211361,2170.932621751512
26,698.1669281661948,2154.5296223890628
25,675.8950488364015,2157.610350235055
25,659.1559525233462,2223.1791028082207
27,612.8349871699596,2196.6820389644454
27,648.6125860436018,2155.747162414132
27,626.044665445355,2182.893851557742
27,634.613012764937,2177.3740757522464
