Objective1,Objective2,Objective3
26,792.0598921147424,2072.928837113749
25,807.8848023382176,2080.724442087521
26,789.3535572860595,2134.1010317410683
25,805.9455999072901,2116.30319877576
